{
	"Android_virtualdevice": {
		"capabilities": {
			"platformName": "Android",
			"device": "ZPGQEYIFTSU4HQNR",
			"app": "C:\\workspace\\Android.apk",
			"app_package": "com.elux.electroluxlife",
			"activity": "com.elux.electroluxlife.MainActivity",
			"version": "6.0",
			"appiumServer": "http://0.0.0.0",
			"port": "4748",
			"deviceudid": "ZPGQEYIFTSU4HQNR",
			"bundleid": "com.electrolux.test",
			"appWaitActivity":"SplashActivity, SplashActivity,OtherActivity, *, *.SplashActivity",
			"autoWebview":"true"
		}
	},
	"Android_REDME": {
	"capabilities": {
			"platformName": "Android",
			"device": "192.168.46.101:5555",
			"app": "C:\\workspace\\Android.apk",
			"app_package": "com.elux.electroluxlife",
			"activity": "com.elux.electroluxlife.MainActivity",
			"version": "7.0.0",
			"appiumServer": "http://0.0.0.0",
			"port": "4723",
			"deviceudid": "192.168.46.101:5555",
			"bundleid": "com.electrolux.test",
			"appWaitActivity":"SplashActivity, SplashActivity,OtherActivity, *, *.SplashActivity",
			"autoWebview":"true"
		}
	},		
	"IOS_iOS6": {
		"capabilities": {
			"platformName": "IOS",
			"device": "AHM05",
			"app": "/Users/navjot/Downloads/Electrolux_Life (1).ipa",
			"app_package": "com.elux.electroluxlife",
			"activity": "Main.elux.electroluxlife",
			"version": "11.1",
			"appiumServer": "http://127.0.0.1",
			"port": "4765",
			"deviceudid": "7846797bd0b8a819a75204b089309c5ea1336074",
			"bundleid": "com.elux.electroluxlife",
			"automationName":"XCUITest",
			"reset":"false"					
		}
	}
}